year,age,sex,imd_quintile,p_start_1month
2011,12,2,1,0.005002057718935582
2011,12,2,2,0.004849447581899313
2011,12,2,3,0.006121045824670657
2011,12,2,4,0.006790473644265771
2011,12,2,5,0.008262395105840481
2011,12,1,1,0.006323175448783025
2011,12,1,2,0.00599272041279697
2011,12,1,3,0.006563263104269024
2011,12,1,4,0.007050737486286707
2011,12,1,5,0.008872065514347938
2011,13,2,1,0.004981742355965713
2011,13,2,2,0.004852181555487611
2011,13,2,3,0.006154610831691443
2011,13,2,4,0.006663028143411354
2011,13,2,5,0.007969266167852429
2011,13,1,1,0.006612130772182145
2011,13,1,2,0.006305390945290368
2011,13,1,3,0.007086774974492949
2011,13,1,4,0.007294282247921391
2011,13,1,5,0.009099367154398741
2011,14,2,1,0.004693438182958087
2011,14,2,2,0.0047390773084740045
2011,14,2,3,0.00598993785860924
2011,14,2,4,0.006228521493116923
2011,14,2,5,0.007151710318593407
2011,14,1,1,0.00690989618613691
2011,14,1,2,0.006644117469522759
2011,14,1,3,0.007717847983814918
2011,14,1,4,0.007535411151188387
2011,14,1,5,0.009567786893672658
2011,15,2,1,0.004102731102263446
2011,15,2,2,0.004166232352070476
2011,15,2,3,0.005195085525019683
2011,15,2,4,0.005211268779316103
2011,15,2,5,0.00582274608218003
2011,15,1,1,0.006381099663443912
2011,15,1,2,0.0062691249821337225
2011,15,1,3,0.007433932700283585
2011,15,1,4,0.007078678150137074
2011,15,1,5,0.008912646647688427
2011,16,2,1,0.0032338288244058155
2011,16,2,2,0.003344613769219018
2011,16,2,3,0.004059463632991145
2011,16,2,4,0.0038542827033672955
2011,16,2,5,0.004237313227972828
2011,16,1,1,0.005341028546282933
2011,16,1,2,0.005552262721195578
2011,16,1,3,0.006428134224584214
2011,16,1,4,0.006123431171282112
2011,16,1,5,0.007715131330312097
2011,17,2,1,0.0025082200710346836
2011,17,2,2,0.0025015036857087836
2011,17,2,3,0.0029687945139734717
2011,17,2,4,0.0025958519539487357
2011,17,2,5,0.0028556556520293874
2011,17,1,1,0.004119571488311102
2011,17,1,2,0.004363356896218251
2011,17,1,3,0.004964124800712177
2011,17,1,4,0.004920829629359136
2011,17,1,5,0.005892674010861132
2011,18,2,1,0.0018847260383836328
2011,18,2,2,0.0018796579289035442
2011,18,2,3,0.0020896338159569483
2011,18,2,4,0.001646731881547403
2011,18,2,5,0.0017972173139348957
2011,18,1,1,0.0031130287546292656
2011,18,1,2,0.0032931881065054736
2011,18,1,3,0.0035538319332092394
2011,18,1,4,0.0037763956603953375
2011,18,1,5,0.004391810320426903
2011,19,2,1,0.0014411089716106495
2011,19,2,2,0.0013629016543773576
2011,19,2,3,0.001479593358471032
2011,19,2,4,0.0011395716537933032
2011,19,2,5,0.0011589448519299106
2011,19,1,1,0.0022224453101382657
2011,19,1,2,0.002283257128666172
2011,19,1,3,0.002342917084731999
2011,19,1,4,0.0027056060349919253
2011,19,1,5,0.0030280574035306262
2011,20,2,1,0.0010398128076839486
2011,20,2,2,0.0009617795506015048
2011,20,2,3,0.0010482524077382038
2011,20,2,4,0.0008265669043296953
2011,20,2,5,0.0008010152511872537
2011,20,1,1,0.001554155553494363
2011,20,1,2,0.0017650445919292768
2011,20,1,3,0.0017147620674996533
2011,20,1,4,0.0019661714511566286
2011,20,1,5,0.0021728543350986174
2011,21,2,1,0.0008438970455300066
2011,21,2,2,0.0007441842423938638
2011,21,2,3,0.0008638435338447215
2011,21,2,4,0.0006801218825860378
2011,21,2,5,0.0006342269971112424
2011,21,1,1,0.001185767573514629
2011,21,1,2,0.0014627713026258427
2011,21,1,3,0.0014134665798827273
2011,21,1,4,0.0015520651010534348
2011,21,1,5,0.0016869606119944702
2011,22,2,1,0.0008438970455300066
2011,22,2,2,0.0007441842423938638
2011,22,2,3,0.0008638435338447215
2011,22,2,4,0.0006801218825860378
2011,22,2,5,0.0006342269971112424
2011,22,1,1,0.001185767573514629
2011,22,1,2,0.0014627713026258427
2011,22,1,3,0.0014134665798827273
2011,22,1,4,0.0015520651010534348
2011,22,1,5,0.0016869606119944702
2011,23,2,1,0.0008438970455300066
2011,23,2,2,0.0007441842423938638
2011,23,2,3,0.0008638435338447215
2011,23,2,4,0.0006801218825860378
2011,23,2,5,0.0006342269971112424
2011,23,1,1,0.001185767573514629
2011,23,1,2,0.0014627713026258427
2011,23,1,3,0.0014134665798827273
2011,23,1,4,0.0015520651010534348
2011,23,1,5,0.0016869606119944702
2011,24,2,1,0.0008438970455300066
2011,24,2,2,0.0007441842423938638
2011,24,2,3,0.0008638435338447215
2011,24,2,4,0.0006801218825860378
2011,24,2,5,0.0006342269971112424
2011,24,1,1,0.001185767573514629
2011,24,1,2,0.0014627713026258427
2011,24,1,3,0.0014134665798827273
2011,24,1,4,0.0015520651010534348
2011,24,1,5,0.0016869606119944702
2011,25,2,1,0.0008438970455300066
2011,25,2,2,0.0007441842423938638
2011,25,2,3,0.0008638435338447215
2011,25,2,4,0.0006801218825860378
2011,25,2,5,0.0006342269971112424
2011,25,1,1,0.001185767573514629
2011,25,1,2,0.0014627713026258427
2011,25,1,3,0.0014134665798827273
2011,25,1,4,0.0015520651010534348
2011,25,1,5,0.0016869606119944702
2011,26,2,1,0.0008438970455300066
2011,26,2,2,0.0007441842423938638
2011,26,2,3,0.0008638435338447215
2011,26,2,4,0.0006801218825860378
2011,26,2,5,0.0006342269971112424
2011,26,1,1,0.001185767573514629
2011,26,1,2,0.0014627713026258427
2011,26,1,3,0.0014134665798827273
2011,26,1,4,0.0015520651010534348
2011,26,1,5,0.0016869606119944702
2011,27,2,1,0.0008438970455300066
2011,27,2,2,0.0007441842423938638
2011,27,2,3,0.0008638435338447215
2011,27,2,4,0.0006801218825860378
2011,27,2,5,0.0006342269971112424
2011,27,1,1,0.001185767573514629
2011,27,1,2,0.0014627713026258427
2011,27,1,3,0.0014134665798827273
2011,27,1,4,0.0015520651010534348
2011,27,1,5,0.0016869606119944702
2011,28,2,1,0.0008438970455300066
2011,28,2,2,0.0007441842423938638
2011,28,2,3,0.0008638435338447215
2011,28,2,4,0.0006801218825860378
2011,28,2,5,0.0006342269971112424
2011,28,1,1,0.001185767573514629
2011,28,1,2,0.0014627713026258427
2011,28,1,3,0.0014134665798827273
2011,28,1,4,0.0015520651010534348
2011,28,1,5,0.0016869606119944702
2011,29,2,1,0.0008438970455300066
2011,29,2,2,0.0007441842423938638
2011,29,2,3,0.0008638435338447215
2011,29,2,4,0.0006801218825860378
2011,29,2,5,0.0006342269971112424
2011,29,1,1,0.001185767573514629
2011,29,1,2,0.0014627713026258427
2011,29,1,3,0.0014134665798827273
2011,29,1,4,0.0015520651010534348
2011,29,1,5,0.0016869606119944702
2011,30,2,1,0.0008438970455300066
2011,30,2,2,0.0007441842423938638
2011,30,2,3,0.0008638435338447215
2011,30,2,4,0.0006801218825860378
2011,30,2,5,0.0006342269971112424
2011,30,1,1,0.001185767573514629
2011,30,1,2,0.0014627713026258427
2011,30,1,3,0.0014134665798827273
2011,30,1,4,0.0015520651010534348
2011,30,1,5,0.0016869606119944702
2012,12,2,1,0.00494368453823979
2012,12,2,2,0.004776983110985622
2012,12,2,3,0.006023514723862089
2012,12,2,4,0.006711871274163728
2012,12,2,5,0.008207641794335419
2012,12,1,1,0.006287526281128497
2012,12,1,2,0.005956154024228777
2012,12,1,3,0.0064960756711672785
2012,12,1,4,0.0070136702548281304
2012,12,1,5,0.008881217308195688
2012,13,2,1,0.004923696686548795
2012,13,2,2,0.004777705543351107
2012,13,2,3,0.006051461432408756
2012,13,2,4,0.0065857138206152355
2012,13,2,5,0.007918178344547666
2012,13,1,1,0.006571956745440977
2012,13,1,2,0.006262252696989656
2012,13,1,3,0.0070010712574392064
2012,13,1,4,0.00725552143707775
2012,13,1,5,0.00910926095362441
2012,14,2,1,0.004640207586983358
2012,14,2,2,0.004662759895440627
2012,14,2,3,0.005883572509319257
2012,14,2,4,0.006149613110696617
2012,14,2,5,0.007107660872434196
2012,14,1,1,0.006866078142371723
2012,14,1,2,0.006588578677761525
2012,14,1,3,0.00761104223096587
2012,14,1,4,0.007491432790809105
2012,14,1,5,0.00956806490791795
2012,15,2,1,0.0040519029101374615
2012,15,2,2,0.00409326770186258
2012,15,2,3,0.005093692812563555
2012,15,2,4,0.005140450411134756
2012,15,2,5,0.005789702540542563
2012,15,1,1,0.006344513770766502
2012,15,1,2,0.006206463506164717
2012,15,1,3,0.00731227621304209
2012,15,1,4,0.007032408999798734
2012,15,1,5,0.008911345099032242
2012,16,2,1,0.0031838107738468846
2012,16,2,2,0.0032718531787684357
2012,16,2,3,0.003968827385303353
2012,16,2,4,0.003793394270612538
2012,16,2,5,0.004211042866030912
2012,16,1,1,0.00530340120596795
2012,16,1,2,0.005473532705345674
2012,16,1,3,0.0063071262685784335
2012,16,1,4,0.0060757696731010835
2012,16,1,5,0.007694937413438185
2012,17,2,1,0.00245383028131807
2012,17,2,2,0.0024234745058802076
2012,17,2,3,0.0028878819534223776
2012,17,2,4,0.0025497226574305865
2012,17,2,5,0.0028308158708547637
2012,17,1,1,0.004073423067800674
2012,17,1,2,0.004280615767386142
2012,17,1,3,0.004853053611409641
2012,17,1,4,0.004868669421230765
2012,17,1,5,0.005864138266504559
2012,18,2,1,0.001821747813419261
2012,18,2,2,0.0017979265909540132
2012,18,2,3,0.0020138347835075843
2012,18,2,4,0.0016099648189082938
2012,18,2,5,0.0017728220476631584
2012,18,1,1,0.003050697580927686
2012,18,1,2,0.003208803807153715
2012,18,1,3,0.0034599449730674525
2012,18,1,4,0.003720886989339589
2012,18,1,5,0.00433866644419012
2012,19,2,1,0.0013769152280319608
2012,19,2,2,0.001288942937708426
2012,19,2,3,0.0014083668218897172
2012,19,2,4,0.0011120123081110878
2012,19,2,5,0.00113533798011356
2012,19,1,1,0.002162288937726964
2012,19,1,2,0.00221639723807876
2012,19,1,3,0.002265670655763885
2012,19,1,4,0.0026517332329532017
2012,19,1,5,0.0029704301816440015
2012,20,2,1,0.0009720342391996706
2012,20,2,2,0.0009038064782989075
2012,20,2,3,0.000979171180708338
2012,20,2,4,0.0007998249389303824
2012,20,2,5,0.0007814455669713505
2012,20,1,1,0.0015050300771616287
2012,20,1,2,0.0016995575420141185
2012,20,1,3,0.0016472236370287385
2012,20,1,4,0.0019173344096097278
2012,20,1,5,0.0021040325239116697
2012,21,2,1,0.0007803170633798873
2012,21,2,2,0.0006956997641359708
2012,21,2,3,0.0007979001496032367
2012,21,2,4,0.0006555289665385322
2012,21,2,5,0.000616396553658749
2012,21,1,1,0.0011464331797454985
2012,21,1,2,0.0014025125382226555
2012,21,1,3,0.001347488327020696
2012,21,1,4,0.0015069573843331519
2012,21,1,5,0.0016200823451428814
2012,22,2,1,0.0007803170633798873
2012,22,2,2,0.0006956997641359708
2012,22,2,3,0.0007979001496032367
2012,22,2,4,0.0006555289665385322
2012,22,2,5,0.000616396553658749
2012,22,1,1,0.0011464331797454985
2012,22,1,2,0.0014025125382226555
2012,22,1,3,0.001347488327020696
2012,22,1,4,0.0015069573843331519
2012,22,1,5,0.0016200823451428814
2012,23,2,1,0.0007803170633798873
2012,23,2,2,0.0006956997641359708
2012,23,2,3,0.0007979001496032367
2012,23,2,4,0.0006555289665385322
2012,23,2,5,0.000616396553658749
2012,23,1,1,0.0011464331797454985
2012,23,1,2,0.0014025125382226555
2012,23,1,3,0.001347488327020696
2012,23,1,4,0.0015069573843331519
2012,23,1,5,0.0016200823451428814
2012,24,2,1,0.0007803170633798873
2012,24,2,2,0.0006956997641359708
2012,24,2,3,0.0007979001496032367
2012,24,2,4,0.0006555289665385322
2012,24,2,5,0.000616396553658749
2012,24,1,1,0.0011464331797454985
2012,24,1,2,0.0014025125382226555
2012,24,1,3,0.001347488327020696
2012,24,1,4,0.0015069573843331519
2012,24,1,5,0.0016200823451428814
2012,25,2,1,0.0007803170633798873
2012,25,2,2,0.0006956997641359708
2012,25,2,3,0.0007979001496032367
2012,25,2,4,0.0006555289665385322
2012,25,2,5,0.000616396553658749
2012,25,1,1,0.0011464331797454985
2012,25,1,2,0.0014025125382226555
2012,25,1,3,0.001347488327020696
2012,25,1,4,0.0015069573843331519
2012,25,1,5,0.0016200823451428814
2012,26,2,1,0.0007803170633798873
2012,26,2,2,0.0006956997641359708
2012,26,2,3,0.0007979001496032367
2012,26,2,4,0.0006555289665385322
2012,26,2,5,0.000616396553658749
2012,26,1,1,0.0011464331797454985
2012,26,1,2,0.0014025125382226555
2012,26,1,3,0.001347488327020696
2012,26,1,4,0.0015069573843331519
2012,26,1,5,0.0016200823451428814
2012,27,2,1,0.0007803170633798873
2012,27,2,2,0.0006956997641359708
2012,27,2,3,0.0007979001496032367
2012,27,2,4,0.0006555289665385322
2012,27,2,5,0.000616396553658749
2012,27,1,1,0.0011464331797454985
2012,27,1,2,0.0014025125382226555
2012,27,1,3,0.001347488327020696
2012,27,1,4,0.0015069573843331519
2012,27,1,5,0.0016200823451428814
2012,28,2,1,0.0007803170633798873
2012,28,2,2,0.0006956997641359708
2012,28,2,3,0.0007979001496032367
2012,28,2,4,0.0006555289665385322
2012,28,2,5,0.000616396553658749
2012,28,1,1,0.0011464331797454985
2012,28,1,2,0.0014025125382226555
2012,28,1,3,0.001347488327020696
2012,28,1,4,0.0015069573843331519
2012,28,1,5,0.0016200823451428814
2012,29,2,1,0.0007803170633798873
2012,29,2,2,0.0006956997641359708
2012,29,2,3,0.0007979001496032367
2012,29,2,4,0.0006555289665385322
2012,29,2,5,0.000616396553658749
2012,29,1,1,0.0011464331797454985
2012,29,1,2,0.0014025125382226555
2012,29,1,3,0.001347488327020696
2012,29,1,4,0.0015069573843331519
2012,29,1,5,0.0016200823451428814
2012,30,2,1,0.0007803170633798873
2012,30,2,2,0.0006956997641359708
2012,30,2,3,0.0007979001496032367
2012,30,2,4,0.0006555289665385322
2012,30,2,5,0.000616396553658749
2012,30,1,1,0.0011464331797454985
2012,30,1,2,0.0014025125382226555
2012,30,1,3,0.001347488327020696
2012,30,1,4,0.0015069573843331519
2012,30,1,5,0.0016200823451428814
2013,12,2,1,0.004868997396025865
2013,12,2,2,0.004675824261250461
2013,12,2,3,0.005891570901034648
2013,12,2,4,0.0066069448489255445
2013,12,2,5,0.0081281572506392
2013,12,1,1,0.006220526272511795
2013,12,1,2,0.005906013933575371
2013,12,1,3,0.006405543071862363
2013,12,1,4,0.006954562935692188
2013,12,1,5,0.008895681418822798
2013,13,2,1,0.0048494271991569304
2013,13,2,2,0.004673788880674823
2013,13,2,3,0.005912050280069692
2013,13,2,4,0.006482511251513112
2013,13,2,5,0.007843997191700813
2013,13,1,1,0.006496497534429713
2013,13,1,2,0.006203150662374535
2013,13,1,3,0.006885828514219483
2013,13,1,4,0.007193717254129983
2013,13,1,5,0.009124898806386783
2013,14,2,1,0.004572076848906259
2013,14,2,2,0.004556371170986062
2013,14,2,3,0.005739984731588987
2013,14,2,4,0.006044414966011491
2013,14,2,5,0.007043683280744006
2013,14,1,1,0.006783803380143283
2013,14,1,2,0.006512618353925359
2013,14,1,3,0.007467701435025509
2013,14,1,4,0.007421354124097057
2013,14,1,5,0.00956850376552476
2013,15,2,1,0.003986927290016706
2013,15,2,2,0.00399173165935407
2013,15,2,3,0.004957114272958418
2013,15,2,4,0.005046146802095586
2013,15,2,5,0.005741685322527279
2013,15,1,1,0.00627576222416959
2013,15,1,2,0.006120925139990296
2013,15,1,3,0.007149480659387919
2013,15,1,4,0.006958746202250232
2013,15,1,5,0.008909290984514873
2013,16,2,1,0.003120099845461355
2013,16,2,2,0.003171129632934644
2013,16,2,3,0.0038471634912209396
2013,16,2,4,0.0037125329657331507
2013,16,2,5,0.004172894933588078
2013,16,1,1,0.005232826744539731
2013,16,1,2,0.0053665867777051846
2013,16,1,3,0.0061456775295648525
2013,16,1,4,0.0060000132923289096
2013,16,1,5,0.007663163745940782
2013,17,2,1,0.0023850504394893335
2013,17,2,2,0.0023167118987600377
2013,17,2,3,0.0027799281600685566
2013,17,2,4,0.0024886128784610273
2013,17,2,5,0.0027948573368822283
2013,17,1,1,0.003987382993847599
2013,17,1,2,0.004168866335183541
2013,17,1,3,0.004705506418615002
2013,17,1,4,0.004786065624032387
2013,17,1,5,0.0058193653105825804
2013,18,2,1,0.0017431968056971225
2013,18,2,2,0.0016878067612494663
2013,18,2,3,0.0019138195813567238
2013,18,2,4,0.001561526481961062
2013,18,2,5,0.0017377207542085271
2013,18,1,1,0.0029359636014836266
2013,18,1,2,0.0030957535893257893
2013,18,1,3,0.003335849995599327
2013,18,1,4,0.0036334516255878135
2013,18,1,5,0.004256049102196902
2013,19,2,1,0.0012979034843328963
2013,19,2,2,0.0011906553540094178
2013,19,2,3,0.0013157592337290636
2013,19,2,4,0.0010757880372870288
2013,19,2,5,0.0011016588906005431
2013,19,1,1,0.0020527070499591904
2013,19,1,2,0.0021272359776819405
2013,19,1,3,0.002164393103003759
2013,19,1,4,0.002567459307919351
2013,19,1,5,0.002881648385352986
2013,20,2,1,0.0008906691248522502
2013,20,2,2,0.0008273621358469985
2013,20,2,3,0.0008913372300256572
2013,20,2,4,0.0007650206117273406
2013,20,2,5,0.0007536693275311812
2013,20,1,1,0.0014161525134267494
2013,20,1,2,0.0016130633630786484
2013,20,1,3,0.0015593731051546378
2013,20,1,4,0.001841440071499445
2013,20,1,5,0.001999749751692148
2013,21,2,1,0.0007049427867014124
2013,21,2,2,0.0006321711231641602
2013,21,2,3,0.0007151656260603323
2013,21,2,4,0.0006236698778859795
2013,21,2,5,0.0005912066158371143
2013,21,1,1,0.0010754411714388734
2013,21,1,2,0.00132332854498729
2013,21,1,3,0.0012624357569702704
2013,21,1,4,0.0014372550054223554
2013,21,1,5,0.001519817143300628
2013,22,2,1,0.0007049427867014124
2013,22,2,2,0.0006321711231641602
2013,22,2,3,0.0007151656260603323
2013,22,2,4,0.0006236698778859795
2013,22,2,5,0.0005912066158371143
2013,22,1,1,0.0010754411714388734
2013,22,1,2,0.00132332854498729
2013,22,1,3,0.0012624357569702704
2013,22,1,4,0.0014372550054223554
2013,22,1,5,0.001519817143300628
2013,23,2,1,0.0007049427867014124
2013,23,2,2,0.0006321711231641602
2013,23,2,3,0.0007151656260603323
2013,23,2,4,0.0006236698778859795
2013,23,2,5,0.0005912066158371143
2013,23,1,1,0.0010754411714388734
2013,23,1,2,0.00132332854498729
2013,23,1,3,0.0012624357569702704
2013,23,1,4,0.0014372550054223554
2013,23,1,5,0.001519817143300628
2013,24,2,1,0.0007049427867014124
2013,24,2,2,0.0006321711231641602
2013,24,2,3,0.0007151656260603323
2013,24,2,4,0.0006236698778859795
2013,24,2,5,0.0005912066158371143
2013,24,1,1,0.0010754411714388734
2013,24,1,2,0.00132332854498729
2013,24,1,3,0.0012624357569702704
2013,24,1,4,0.0014372550054223554
2013,24,1,5,0.001519817143300628
2013,25,2,1,0.0007049427867014124
2013,25,2,2,0.0006321711231641602
2013,25,2,3,0.0007151656260603323
2013,25,2,4,0.0006236698778859795
2013,25,2,5,0.0005912066158371143
2013,25,1,1,0.0010754411714388734
2013,25,1,2,0.00132332854498729
2013,25,1,3,0.0012624357569702704
2013,25,1,4,0.0014372550054223554
2013,25,1,5,0.001519817143300628
2013,26,2,1,0.0007049427867014124
2013,26,2,2,0.0006321711231641602
2013,26,2,3,0.0007151656260603323
2013,26,2,4,0.0006236698778859795
2013,26,2,5,0.0005912066158371143
2013,26,1,1,0.0010754411714388734
2013,26,1,2,0.00132332854498729
2013,26,1,3,0.0012624357569702704
2013,26,1,4,0.0014372550054223554
2013,26,1,5,0.001519817143300628
2013,27,2,1,0.0007049427867014124
2013,27,2,2,0.0006321711231641602
2013,27,2,3,0.0007151656260603323
2013,27,2,4,0.0006236698778859795
2013,27,2,5,0.0005912066158371143
2013,27,1,1,0.0010754411714388734
2013,27,1,2,0.00132332854498729
2013,27,1,3,0.0012624357569702704
2013,27,1,4,0.0014372550054223554
2013,27,1,5,0.001519817143300628
2013,28,2,1,0.0007049427867014124
2013,28,2,2,0.0006321711231641602
2013,28,2,3,0.0007151656260603323
2013,28,2,4,0.0006236698778859795
2013,28,2,5,0.0005912066158371143
2013,28,1,1,0.0010754411714388734
2013,28,1,2,0.00132332854498729
2013,28,1,3,0.0012624357569702704
2013,28,1,4,0.0014372550054223554
2013,28,1,5,0.001519817143300628
2013,29,2,1,0.0007049427867014124
2013,29,2,2,0.0006321711231641602
2013,29,2,3,0.0007151656260603323
2013,29,2,4,0.0006236698778859795
2013,29,2,5,0.0005912066158371143
2013,29,1,1,0.0010754411714388734
2013,29,1,2,0.00132332854498729
2013,29,1,3,0.0012624357569702704
2013,29,1,4,0.0014372550054223554
2013,29,1,5,0.001519817143300628
2013,30,2,1,0.0007049427867014124
2013,30,2,2,0.0006321711231641602
2013,30,2,3,0.0007151656260603323
2013,30,2,4,0.0006236698778859795
2013,30,2,5,0.0005912066158371143
2013,30,1,1,0.0010754411714388734
2013,30,1,2,0.00132332854498729
2013,30,1,3,0.0012624357569702704
2013,30,1,4,0.0014372550054223554
2013,30,1,5,0.001519817143300628
2014,12,2,1,0.004772382308337653
2014,12,2,2,0.004553816442626868
2014,12,2,3,0.005750145009504548
2014,12,2,4,0.0064409129980510516
2014,12,2,5,0.008023361186128009
2014,12,1,1,0.0061276607414585404
2014,12,1,2,0.0058346402015728716
2014,12,1,3,0.006299336887989226
2014,12,1,4,0.006857871444665875
2014,12,1,5,0.00891364486877555
2014,13,2,1,0.0047533500295493525
2014,13,2,2,0.004548534530165016
2014,13,2,3,0.005762794524963422
2014,13,2,4,0.006319217650218367
2014,13,2,5,0.00774616083358326
2014,13,1,1,0.006392005252355615
2014,13,1,2,0.006119119279623941
2014,13,1,3,0.006750990171893401
2014,13,1,4,0.007092624042135065
2014,13,1,5,0.009144321712869163
2014,14,2,1,0.004483903332444417
2014,14,2,2,0.004428291060494027
2014,14,2,3,0.00558647875570395
2014,14,2,4,0.005878278073829679
2014,14,2,5,0.006959274137991023
2014,14,1,1,0.006669936674538746
2014,14,1,2,0.006404881515419292
2014,14,1,3,0.007300398007825115
2014,14,1,4,0.007306846539467449
2014,14,1,5,0.009569047887863613
2014,15,2,1,0.0039029726639986384
2014,15,2,2,0.003869775637470707
2014,15,2,3,0.004811486288806677
2014,15,2,4,0.004897473710130162
2014,15,2,5,0.005678288329006853
2014,15,1,1,0.006180488564506592
2014,15,1,2,0.005999931351395871
2014,15,1,3,0.00696017240907898
2014,15,1,4,0.00683855901312258
2014,15,1,5,0.008906744910840092
2014,16,2,1,0.0030381648457689092
2014,16,2,2,0.0030509782557772702
2014,16,2,3,0.003717987798546263
2014,16,2,4,0.003585569471093897
2014,16,2,5,0.004122577351295287
2014,16,1,1,0.00513531897885533
2014,16,1,2,0.005216362293690713
2014,16,1,3,0.005958638448087972
2014,16,1,4,0.0058767381532288665
2014,16,1,5,0.007623943855480708
2014,17,2,1,0.0022974302396261415
2014,17,2,2,0.002191296199718029
2014,17,2,3,0.002666152851556025
2014,17,2,4,0.002393016391153191
2014,17,2,5,0.002747631630056202
2014,17,1,1,0.0038696234608021074
2014,17,1,2,0.0040131682157007464
2014,17,1,3,0.004535511573652284
2014,17,1,4,0.0046524511729845175
2014,17,1,5,0.0057643124059001405
2014,18,2,1,0.00164491618937046
2014,18,2,2,0.0015610376744110699
2014,18,2,3,0.0018098253584155621
2014,18,2,4,0.0014863790458536918
2014,18,2,5,0.0016920072166080047
2014,18,1,1,0.00278206774305767
2014,18,1,2,0.002940036083508346
2014,18,1,3,0.003193779991373602
2014,18,1,4,0.003493259970020479
2014,18,1,5,0.0041557422867329885
2014,19,2,1,0.0012007469492532064
2014,19,2,2,0.001079530878454693
2014,19,2,3,0.0012211792873231264
2014,19,2,4,0.0010197829379056111
2014,19,2,5,0.0010583118297574634
2014,19,1,1,0.001908117487107286
2014,19,1,2,0.0020052186968860797
2014,19,1,3,0.002049625878398853
2014,19,1,4,0.0024338550500193623
2014,19,1,5,0.002775185926746415
2014,20,2,1,0.0007938348610796453
2014,20,2,2,0.0007418135481567223
2014,20,2,3,0.0008040417839390024
2014,20,2,4,0.0007120024181931361
2014,20,2,5,0.0007181732747404412
2014,20,1,1,0.0013001373292063079
2014,20,1,2,0.0014962950664987318
2014,20,1,3,0.0014608140252108104
2014,20,1,4,0.001722409180785478
2014,20,1,5,0.0018775203666037132
2014,21,2,1,0.0006166949038957092
2014,21,2,2,0.00056166473746877
2014,21,2,3,0.0006342631611335747
2014,21,2,4,0.0005754748041935098
2014,21,2,5,0.0005592229442916707
2014,21,1,1,0.000983122914272161
2014,21,1,2,0.0012171959062110549
2014,21,1,3,0.0011680959633423305
2014,21,1,4,0.001328942926726695
2014,21,1,5,0.0014040026985830956
2014,22,2,1,0.0006166949038957092
2014,22,2,2,0.00056166473746877
2014,22,2,3,0.0006342631611335747
2014,22,2,4,0.0005754748041935098
2014,22,2,5,0.0005592229442916707
2014,22,1,1,0.000983122914272161
2014,22,1,2,0.0012171959062110549
2014,22,1,3,0.0011680959633423305
2014,22,1,4,0.001328942926726695
2014,22,1,5,0.0014040026985830956
2014,23,2,1,0.0006166949038957092
2014,23,2,2,0.00056166473746877
2014,23,2,3,0.0006342631611335747
2014,23,2,4,0.0005754748041935098
2014,23,2,5,0.0005592229442916707
2014,23,1,1,0.000983122914272161
2014,23,1,2,0.0012171959062110549
2014,23,1,3,0.0011680959633423305
2014,23,1,4,0.001328942926726695
2014,23,1,5,0.0014040026985830956
2014,24,2,1,0.0006166949038957092
2014,24,2,2,0.00056166473746877
2014,24,2,3,0.0006342631611335747
2014,24,2,4,0.0005754748041935098
2014,24,2,5,0.0005592229442916707
2014,24,1,1,0.000983122914272161
2014,24,1,2,0.0012171959062110549
2014,24,1,3,0.0011680959633423305
2014,24,1,4,0.001328942926726695
2014,24,1,5,0.0014040026985830956
2014,25,2,1,0.0006166949038957092
2014,25,2,2,0.00056166473746877
2014,25,2,3,0.0006342631611335747
2014,25,2,4,0.0005754748041935098
2014,25,2,5,0.0005592229442916707
2014,25,1,1,0.000983122914272161
2014,25,1,2,0.0012171959062110549
2014,25,1,3,0.0011680959633423305
2014,25,1,4,0.001328942926726695
2014,25,1,5,0.0014040026985830956
2014,26,2,1,0.0006166949038957092
2014,26,2,2,0.00056166473746877
2014,26,2,3,0.0006342631611335747
2014,26,2,4,0.0005754748041935098
2014,26,2,5,0.0005592229442916707
2014,26,1,1,0.000983122914272161
2014,26,1,2,0.0012171959062110549
2014,26,1,3,0.0011680959633423305
2014,26,1,4,0.001328942926726695
2014,26,1,5,0.0014040026985830956
2014,27,2,1,0.0006166949038957092
2014,27,2,2,0.00056166473746877
2014,27,2,3,0.0006342631611335747
2014,27,2,4,0.0005754748041935098
2014,27,2,5,0.0005592229442916707
2014,27,1,1,0.000983122914272161
2014,27,1,2,0.0012171959062110549
2014,27,1,3,0.0011680959633423305
2014,27,1,4,0.001328942926726695
2014,27,1,5,0.0014040026985830956
2014,28,2,1,0.0006166949038957092
2014,28,2,2,0.00056166473746877
2014,28,2,3,0.0006342631611335747
2014,28,2,4,0.0005754748041935098
2014,28,2,5,0.0005592229442916707
2014,28,1,1,0.000983122914272161
2014,28,1,2,0.0012171959062110549
2014,28,1,3,0.0011680959633423305
2014,28,1,4,0.001328942926726695
2014,28,1,5,0.0014040026985830956
2014,29,2,1,0.0006166949038957092
2014,29,2,2,0.00056166473746877
2014,29,2,3,0.0006342631611335747
2014,29,2,4,0.0005754748041935098
2014,29,2,5,0.0005592229442916707
2014,29,1,1,0.000983122914272161
2014,29,1,2,0.0012171959062110549
2014,29,1,3,0.0011680959633423305
2014,29,1,4,0.001328942926726695
2014,29,1,5,0.0014040026985830956
2014,30,2,1,0.0006166949038957092
2014,30,2,2,0.00056166473746877
2014,30,2,3,0.0006342631611335747
2014,30,2,4,0.0005754748041935098
2014,30,2,5,0.0005592229442916707
2014,30,1,1,0.000983122914272161
2014,30,1,2,0.0012171959062110549
2014,30,1,3,0.0011680959633423305
2014,30,1,4,0.001328942926726695
2014,30,1,5,0.0014040026985830956
2015,12,2,1,0.004700319934526687
2015,12,2,2,0.004479812571608233
2015,12,2,3,0.005649875851642561
2015,12,2,4,0.00632757555309249
2015,12,2,5,0.007937287978096452
2015,12,1,1,0.0060618030238910325
2015,12,1,2,0.005790010324337902
2015,12,1,3,0.006233806503937234
2015,12,1,4,0.006813844463685048
2015,12,1,5,0.008922916382420931
2015,13,2,1,0.004681687102824794
2015,13,2,2,0.004472604897439281
2015,13,2,3,0.005657085760395475
2015,13,2,4,0.006207756865493241
2015,13,2,5,0.0076657758334848225
2015,13,1,1,0.006317972208239153
2015,13,1,2,0.006066634615252697
2015,13,1,3,0.006667987860703883
2015,13,1,4,0.007046596969083274
2015,13,1,5,0.009154347255205697
2015,14,2,1,0.004418107440172903
2015,14,2,2,0.004350732185718353
2015,14,2,3,0.0054779014815562466
2015,14,2,4,0.00576510190696522
2015,14,2,5,0.006889895262727097
2015,14,1,1,0.0065893071120117774
2015,14,1,2,0.006337749481426624
2015,14,1,3,0.007197635339125541
2015,14,1,4,0.0072547619544777175
2015,14,1,5,0.009569328333971061
2015,15,2,1,0.0038404261007871643
2015,15,2,2,0.003796078141988457
2015,15,2,3,0.004708726394639151
2015,15,2,4,0.004796378766143139
2015,15,2,5,0.005626140971930926
2015,15,1,1,0.006112937059864265
2015,15,1,2,0.005924735563133332
2015,15,1,3,0.006844275439916614
2015,15,1,4,0.006783964366979145
2015,15,1,5,0.008905432959824822
2015,16,2,1,0.002977409353638105
2015,16,2,2,0.0029788183757045728
2015,16,2,3,0.003627185909779951
2015,16,2,4,0.003499604980302995
2015,16,2,5,0.004081230624304322
2015,16,1,1,0.005066391082216404
2015,16,1,2,0.005123626778071211
2015,16,1,3,0.005844511127243379
2015,16,1,4,0.005820876523718543
2015,16,1,5,0.007603804945165216
2015,17,2,1,0.0022330732416835364
2015,17,2,2,0.0021170077136497545
2015,17,2,3,0.002586708679307992
2015,17,2,4,0.0023285409983718752
2015,17,2,5,0.002709000371333259
2015,17,1,1,0.003787166607473247
2015,17,1,2,0.003917808227941744
2015,17,1,3,0.00443228977062371
2015,17,1,4,0.004592235216796747
2015,17,1,5,0.005736134869292475
2015,18,2,1,0.0015740240321577836
2015,18,2,2,0.0014873043647083417
2015,18,2,3,0.0017380928826170594
2015,18,2,4,0.0014361367924001778
2015,18,2,5,0.0016549412616801984
2015,18,1,1,0.0026764792384141867
2015,18,1,2,0.002845715694087536
2015,18,1,3,0.0031079982319172084
2015,18,1,4,0.0034305864502930383
2015,18,1,5,0.004104947307798534
2015,19,2,1,0.001131878020680377
2015,19,2,2,0.0010159411034962318
2015,19,2,3,0.001156991623393333
2015,19,2,4,0.0009824744607213054
2015,19,2,5,0.0010235967697816983
2015,19,1,1,0.0018105476063660086
2015,19,1,2,0.0019317737825905734
2015,19,1,3,0.001980955650141225
2015,19,1,4,0.0023747422968357634
2015,19,1,5,0.002721834299695969
2015,20,2,1,0.0007274183199954543
2015,20,2,2,0.0006933090591340063
2015,20,2,3,0.000746242415677556
2015,20,2,4,0.0006772319540205851
2015,20,2,5,0.0006899573733788467
2015,20,1,1,0.0012226963603433338
2015,20,1,2,0.0014269310738048713
2015,20,1,3,0.001402364372402376
2015,20,1,4,0.0016702627721943974
2015,20,1,5,0.001817436827651564
2015,21,2,1,0.0005571598067595218
2015,21,2,2,0.000521987797818646
2015,21,2,3,0.0005814806763347891
2015,21,2,4,0.0005440990706420124
2015,21,2,5,0.000533970862638955
2015,21,1,1,0.0009217344932670457
2015,21,1,2,0.001154588880125318
2015,21,1,3,0.0011127122910572496
2015,21,1,4,0.001281894933163108
2015,21,1,5,0.0013477726868980078
2015,22,2,1,0.0005571598067595218
2015,22,2,2,0.000521987797818646
2015,22,2,3,0.0005814806763347891
2015,22,2,4,0.0005440990706420124
2015,22,2,5,0.000533970862638955
2015,22,1,1,0.0009217344932670457
2015,22,1,2,0.001154588880125318
2015,22,1,3,0.0011127122910572496
2015,22,1,4,0.001281894933163108
2015,22,1,5,0.0013477726868980078
2015,23,2,1,0.0005571598067595218
2015,23,2,2,0.000521987797818646
2015,23,2,3,0.0005814806763347891
2015,23,2,4,0.0005440990706420124
2015,23,2,5,0.000533970862638955
2015,23,1,1,0.0009217344932670457
2015,23,1,2,0.001154588880125318
2015,23,1,3,0.0011127122910572496
2015,23,1,4,0.001281894933163108
2015,23,1,5,0.0013477726868980078
2015,24,2,1,0.0005571598067595218
2015,24,2,2,0.000521987797818646
2015,24,2,3,0.0005814806763347891
2015,24,2,4,0.0005440990706420124
2015,24,2,5,0.000533970862638955
2015,24,1,1,0.0009217344932670457
2015,24,1,2,0.001154588880125318
2015,24,1,3,0.0011127122910572496
2015,24,1,4,0.001281894933163108
2015,24,1,5,0.0013477726868980078
2015,25,2,1,0.0005571598067595218
2015,25,2,2,0.000521987797818646
2015,25,2,3,0.0005814806763347891
2015,25,2,4,0.0005440990706420124
2015,25,2,5,0.000533970862638955
2015,25,1,1,0.0009217344932670457
2015,25,1,2,0.001154588880125318
2015,25,1,3,0.0011127122910572496
2015,25,1,4,0.001281894933163108
2015,25,1,5,0.0013477726868980078
2015,26,2,1,0.0005571598067595218
2015,26,2,2,0.000521987797818646
2015,26,2,3,0.0005814806763347891
2015,26,2,4,0.0005440990706420124
2015,26,2,5,0.000533970862638955
2015,26,1,1,0.0009217344932670457
2015,26,1,2,0.001154588880125318
2015,26,1,3,0.0011127122910572496
2015,26,1,4,0.001281894933163108
2015,26,1,5,0.0013477726868980078
2015,27,2,1,0.0005571598067595218
2015,27,2,2,0.000521987797818646
2015,27,2,3,0.0005814806763347891
2015,27,2,4,0.0005440990706420124
2015,27,2,5,0.000533970862638955
2015,27,1,1,0.0009217344932670457
2015,27,1,2,0.001154588880125318
2015,27,1,3,0.0011127122910572496
2015,27,1,4,0.001281894933163108
2015,27,1,5,0.0013477726868980078
2015,28,2,1,0.0005571598067595218
2015,28,2,2,0.000521987797818646
2015,28,2,3,0.0005814806763347891
2015,28,2,4,0.0005440990706420124
2015,28,2,5,0.000533970862638955
2015,28,1,1,0.0009217344932670457
2015,28,1,2,0.001154588880125318
2015,28,1,3,0.0011127122910572496
2015,28,1,4,0.001281894933163108
2015,28,1,5,0.0013477726868980078
2015,29,2,1,0.0005571598067595218
2015,29,2,2,0.000521987797818646
2015,29,2,3,0.0005814806763347891
2015,29,2,4,0.0005440990706420124
2015,29,2,5,0.000533970862638955
2015,29,1,1,0.0009217344932670457
2015,29,1,2,0.001154588880125318
2015,29,1,3,0.0011127122910572496
2015,29,1,4,0.001281894933163108
2015,29,1,5,0.0013477726868980078
2015,30,2,1,0.0005571598067595218
2015,30,2,2,0.000521987797818646
2015,30,2,3,0.0005814806763347891
2015,30,2,4,0.0005440990706420124
2015,30,2,5,0.000533970862638955
2015,30,1,1,0.0009217344932670457
2015,30,1,2,0.001154588880125318
2015,30,1,3,0.0011127122910572496
2015,30,1,4,0.001281894933163108
2015,30,1,5,0.0013477726868980078
2016,12,2,1,0.004609670141127786
2016,12,2,2,0.004396089924486923
2016,12,2,3,0.005556768390451161
2016,12,2,4,0.006161254700146501
2016,12,2,5,0.007839557971423328
2016,12,1,1,0.005986542627174796
2016,12,1,2,0.005721395624952552
2016,12,1,3,0.006154329095837463
2016,12,1,4,0.006731754255695499
2016,12,1,5,0.008931408355387749
2016,13,2,1,0.004591537589331285
2016,13,2,2,0.004386743985878905
2016,13,2,3,0.005559011928035651
2016,13,2,4,0.006044201098416524
2016,13,2,5,0.007574473196378051
2016,13,1,1,0.006233441460897993
2016,13,1,2,0.005986034927870754
2016,13,1,3,0.006567521749622607
2016,13,1,4,0.006960784574307932
2016,13,1,5,0.009163530309869716
2016,14,2,1,0.0043353034251407685
2016,14,2,2,0.004263106728912502
2016,14,2,3,0.005377273580773889
2016,14,2,4,0.005599367591248461
2016,14,2,5,0.006811064581019988
2016,14,1,1,0.006497291158813812
2016,14,1,2,0.00623489637136132
2016,14,1,3,0.007073483691796056
2016,14,1,4,0.007157740482123254
2016,14,1,5,0.009569584966314326
2016,15,2,1,0.0037618362036376807
2016,15,2,2,0.003712956858578864
2016,15,2,3,0.00461367488533293
2016,15,2,4,0.004648611785874834
2016,15,2,5,0.00556684582458733
2016,15,1,1,0.006035755477054705
2016,15,1,2,0.005809824961276022
2016,15,1,3,0.006704649897022796
2016,15,1,4,0.006682390963924867
2016,15,1,5,0.00890423260285711
2016,16,2,1,0.0029014218661542746
2016,16,2,2,0.002897843121918098
2016,16,2,3,0.003543457426867236
2016,16,2,4,0.0033745019273653254
2016,16,2,5,0.004034263109869651
2016,16,1,1,0.004987850039272157
2016,16,1,2,0.004982851960249279
2016,16,1,3,0.005707408593774055
2016,16,1,4,0.005717174150616566
2016,16,1,5,0.007585420924295372
2016,17,2,1,0.0021533285640126243
2016,17,2,2,0.002034583234036713
2016,17,2,3,0.0025138508391362446
2016,17,2,4,0.0022350822723998798
2016,17,2,5,0.0026653101241517207
2016,17,1,1,0.0036940104177857203
2016,17,1,2,0.003774169426501217
2016,17,1,3,0.004308804831742674
2016,17,1,4,0.004481002758557451
2016,17,1,5,0.005710466920014645
2016,18,2,1,0.0014877278070311029
2016,18,2,2,0.001406708960905445
2016,18,2,3,0.0016729594190734165
2016,18,2,4,0.0013639568515902978
2016,18,2,5,0.0016133798765578522
2016,18,1,1,0.0025593564384491785
2016,18,1,2,0.0027051843040075685
2016,18,1,3,0.003005868455107641
2016,18,1,4,0.0033156539488464754
2016,18,1,5,0.004058996624271782
2016,19,2,1,0.0010494651452698234
2016,19,2,2,0.0009473522754708252
2016,19,2,3,0.001099474830144942
2016,19,2,4,0.0009290733317015576
2016,19,2,5,0.0009851373207643288
2016,19,1,1,0.001703921599376379
2016,19,1,2,0.0018230170332274032
2016,19,1,3,0.0018998289582283778
2016,19,1,4,0.002267348283191306
2016,19,1,5,0.0026738978288368687
2016,20,2,1,0.0006504572753968096
2016,20,2,2,0.0006413834348126812
2016,20,2,3,0.0006954799698704051
2016,20,2,4,0.0006282513867310602
2016,20,2,5,0.0006589243639283371
2016,20,1,1,0.0011388879666599516
2016,20,1,2,0.001325538144472116
2016,20,1,3,0.0013338339766051366
2016,20,1,4,0.0015763642654510468
2016,20,1,5,0.0017641236161344276
2016,21,2,1,0.000489274922284233
2016,21,2,2,0.00047977117668140945
2016,21,2,3,0.0005356765218463844
2016,21,2,4,0.000500230302821536
2016,21,2,5,0.0005063800924450801
2016,21,1,1,0.0008555243586904071
2016,21,1,2,0.0010636965629672313
2016,21,1,3,0.0010483344351653878
2016,21,1,4,0.0011978224885403899
2016,21,1,5,0.0012982775457798246
2016,22,2,1,0.000489274922284233
2016,22,2,2,0.00047977117668140945
2016,22,2,3,0.0005356765218463844
2016,22,2,4,0.000500230302821536
2016,22,2,5,0.0005063800924450801
2016,22,1,1,0.0008555243586904071
2016,22,1,2,0.0010636965629672313
2016,22,1,3,0.0010483344351653878
2016,22,1,4,0.0011978224885403899
2016,22,1,5,0.0012982775457798246
2016,23,2,1,0.000489274922284233
2016,23,2,2,0.00047977117668140945
2016,23,2,3,0.0005356765218463844
2016,23,2,4,0.000500230302821536
2016,23,2,5,0.0005063800924450801
2016,23,1,1,0.0008555243586904071
2016,23,1,2,0.0010636965629672313
2016,23,1,3,0.0010483344351653878
2016,23,1,4,0.0011978224885403899
2016,23,1,5,0.0012982775457798246
2016,24,2,1,0.000489274922284233
2016,24,2,2,0.00047977117668140945
2016,24,2,3,0.0005356765218463844
2016,24,2,4,0.000500230302821536
2016,24,2,5,0.0005063800924450801
2016,24,1,1,0.0008555243586904071
2016,24,1,2,0.0010636965629672313
2016,24,1,3,0.0010483344351653878
2016,24,1,4,0.0011978224885403899
2016,24,1,5,0.0012982775457798246
2016,25,2,1,0.000489274922284233
2016,25,2,2,0.00047977117668140945
2016,25,2,3,0.0005356765218463844
2016,25,2,4,0.000500230302821536
2016,25,2,5,0.0005063800924450801
2016,25,1,1,0.0008555243586904071
2016,25,1,2,0.0010636965629672313
2016,25,1,3,0.0010483344351653878
2016,25,1,4,0.0011978224885403899
2016,25,1,5,0.0012982775457798246
2016,26,2,1,0.000489274922284233
2016,26,2,2,0.00047977117668140945
2016,26,2,3,0.0005356765218463844
2016,26,2,4,0.000500230302821536
2016,26,2,5,0.0005063800924450801
2016,26,1,1,0.0008555243586904071
2016,26,1,2,0.0010636965629672313
2016,26,1,3,0.0010483344351653878
2016,26,1,4,0.0011978224885403899
2016,26,1,5,0.0012982775457798246
2016,27,2,1,0.000489274922284233
2016,27,2,2,0.00047977117668140945
2016,27,2,3,0.0005356765218463844
2016,27,2,4,0.000500230302821536
2016,27,2,5,0.0005063800924450801
2016,27,1,1,0.0008555243586904071
2016,27,1,2,0.0010636965629672313
2016,27,1,3,0.0010483344351653878
2016,27,1,4,0.0011978224885403899
2016,27,1,5,0.0012982775457798246
2016,28,2,1,0.000489274922284233
2016,28,2,2,0.00047977117668140945
2016,28,2,3,0.0005356765218463844
2016,28,2,4,0.000500230302821536
2016,28,2,5,0.0005063800924450801
2016,28,1,1,0.0008555243586904071
2016,28,1,2,0.0010636965629672313
2016,28,1,3,0.0010483344351653878
2016,28,1,4,0.0011978224885403899
2016,28,1,5,0.0012982775457798246
2016,29,2,1,0.000489274922284233
2016,29,2,2,0.00047977117668140945
2016,29,2,3,0.0005356765218463844
2016,29,2,4,0.000500230302821536
2016,29,2,5,0.0005063800924450801
2016,29,1,1,0.0008555243586904071
2016,29,1,2,0.0010636965629672313
2016,29,1,3,0.0010483344351653878
2016,29,1,4,0.0011978224885403899
2016,29,1,5,0.0012982775457798246
2016,30,2,1,0.000489274922284233
2016,30,2,2,0.00047977117668140945
2016,30,2,3,0.0005356765218463844
2016,30,2,4,0.000500230302821536
2016,30,2,5,0.0005063800924450801
2016,30,1,1,0.0008555243586904071
2016,30,1,2,0.0010636965629672313
2016,30,1,3,0.0010483344351653878
2016,30,1,4,0.0011978224885403899
2016,30,1,5,0.0012982775457798246
2017,12,2,1,0.004524185896831234
2017,12,2,2,0.0043243553497817055
2017,12,2,3,0.005454951352877657
2017,12,2,4,0.005982469564093207
2017,12,2,5,0.007768340433233822
2017,12,1,1,0.005898340384793088
2017,12,1,2,0.005678041971464376
2017,12,1,3,0.006090819175149087
2017,12,1,4,0.006661296021258645
2017,12,1,5,0.008943449742452203
2017,13,2,1,0.004506522821737913
2017,13,2,2,0.004313212068588812
2017,13,2,3,0.005451859092236111
2017,13,2,4,0.005868403234234654
2017,13,2,5,0.007507918209933129
2017,13,1,1,0.006134474113907107
2017,13,1,2,0.0059351661033080205
2017,13,1,3,0.006487400726705728
2017,13,1,4,0.006887139024760569
2017,13,1,5,0.00917655237036652
2017,14,2,1,0.004257179207808104
2017,14,2,2,0.004188130457199124
2017,14,2,3,0.005267450484338743
2017,14,2,4,0.005421687909284878
2017,14,2,5,0.006753581288973964
2017,14,1,1,0.006389624527253335
2017,14,1,2,0.006170134007327022
2017,14,1,3,0.00697465868879954
2017,14,1,4,0.0070745637618442325
2017,14,1,5,0.009569948481139456
2017,15,2,1,0.0036878174981991307
2017,15,2,2,0.0036419558580285116
2017,15,2,3,0.004510144345570732
2017,15,2,4,0.0044905667599849375
2017,15,2,5,0.005523578236876769
2017,15,1,1,0.005945321552986549
2017,15,1,2,0.005737656988519024
2017,15,1,3,0.006593820410190854
2017,15,1,4,0.006595441400465751
2017,15,1,5,0.008902532632757865
2017,16,2,1,0.0028302178174391956
2017,16,2,2,0.002829026377165089
2017,16,2,3,0.00345255164952063
2017,16,2,4,0.003241434610289584
2017,16,2,5,0.004000022476964293
2017,16,1,1,0.004896115537220358
2017,16,1,2,0.004895026695900917
2017,16,1,3,0.005598890882583918
2017,16,1,4,0.0056286404753068675
2017,16,1,5,0.007559453428635288
2017,17,2,1,0.0020793686672718747
2017,17,2,2,0.001965327304784825
2017,17,2,3,0.002435187809386341
2017,17,2,4,0.002136170216939015
2017,17,2,5,0.0026335886493962235
2017,17,1,1,0.0035862936731508865
2017,17,1,2,0.003685251665866418
2017,17,1,3,0.00421147204578487
2017,17,1,4,0.004386615299198926
2017,17,1,5,0.005674299095010604
2017,18,2,1,0.0014092453035885466
2017,18,2,2,0.0013399984509017138
2017,18,2,3,0.0016033507800566893
2017,18,2,4,0.001288422875474704
2017,18,2,5,0.0015834440755261303
2017,18,1,1,0.0024268115899116482
2017,18,1,2,0.0026191363640540866
2017,18,1,3,0.002925752845807872
2017,18,1,4,0.0032189921649046216
2017,18,1,5,0.00399476649003816
2017,19,2,1,0.0009759157778055361
2017,19,2,2,0.0008913337893170503
2017,19,2,3,0.0010388339583228268
2017,19,2,4,0.0008734507870385988
2017,19,2,5,0.00095774432999296
2017,19,1,1,0.001585349012558579
2017,19,1,2,0.0017568340481709521
2017,19,1,3,0.0018366791374926361
2017,19,1,4,0.002178055312938576
2017,19,1,5,0.002607415691580073
2017,20,2,1,0.0005841745606219861
2017,20,2,2,0.0005992931523103318
2017,20,2,3,0.000643050317740701
2017,20,2,4,0.0005782534686225027
2017,20,2,5,0.0006369698047163919
2017,20,1,1,0.0010467468553304604
2017,20,1,2,0.001264633384792213
2017,20,1,3,0.0012808918622583265
2017,20,1,4,0.001499139430117702
2017,20,1,5,0.0016912449622632497
2017,21,2,1,0.0004318415690659494
2017,21,2,2,0.00044576026749931774
2017,21,2,3,0.0004889448140069641
2017,21,2,4,0.0004558728558227143
2017,21,2,5,0.00048698021400417346
2017,21,1,1,0.0007830200749868732
2017,21,1,2,0.0010094733031311698
2017,21,1,3,0.0009990274438910207
2017,21,1,4,0.0011293249589987564
2017,21,1,5,0.0012312407128267644
2017,22,2,1,0.0004318415690659494
2017,22,2,2,0.00044576026749931774
2017,22,2,3,0.0004889448140069641
2017,22,2,4,0.0004558728558227143
2017,22,2,5,0.00048698021400417346
2017,22,1,1,0.0007830200749868732
2017,22,1,2,0.0010094733031311698
2017,22,1,3,0.0009990274438910207
2017,22,1,4,0.0011293249589987564
2017,22,1,5,0.0012312407128267644
2017,23,2,1,0.0004318415690659494
2017,23,2,2,0.00044576026749931774
2017,23,2,3,0.0004889448140069641
2017,23,2,4,0.0004558728558227143
2017,23,2,5,0.00048698021400417346
2017,23,1,1,0.0007830200749868732
2017,23,1,2,0.0010094733031311698
2017,23,1,3,0.0009990274438910207
2017,23,1,4,0.0011293249589987564
2017,23,1,5,0.0012312407128267644
2017,24,2,1,0.0004318415690659494
2017,24,2,2,0.00044576026749931774
2017,24,2,3,0.0004889448140069641
2017,24,2,4,0.0004558728558227143
2017,24,2,5,0.00048698021400417346
2017,24,1,1,0.0007830200749868732
2017,24,1,2,0.0010094733031311698
2017,24,1,3,0.0009990274438910207
2017,24,1,4,0.0011293249589987564
2017,24,1,5,0.0012312407128267644
2017,25,2,1,0.0004318415690659494
2017,25,2,2,0.00044576026749931774
2017,25,2,3,0.0004889448140069641
2017,25,2,4,0.0004558728558227143
2017,25,2,5,0.00048698021400417346
2017,25,1,1,0.0007830200749868732
2017,25,1,2,0.0010094733031311698
2017,25,1,3,0.0009990274438910207
2017,25,1,4,0.0011293249589987564
2017,25,1,5,0.0012312407128267644
2017,26,2,1,0.0004318415690659494
2017,26,2,2,0.00044576026749931774
2017,26,2,3,0.0004889448140069641
2017,26,2,4,0.0004558728558227143
2017,26,2,5,0.00048698021400417346
2017,26,1,1,0.0007830200749868732
2017,26,1,2,0.0010094733031311698
2017,26,1,3,0.0009990274438910207
2017,26,1,4,0.0011293249589987564
2017,26,1,5,0.0012312407128267644
2017,27,2,1,0.0004318415690659494
2017,27,2,2,0.00044576026749931774
2017,27,2,3,0.0004889448140069641
2017,27,2,4,0.0004558728558227143
2017,27,2,5,0.00048698021400417346
2017,27,1,1,0.0007830200749868732
2017,27,1,2,0.0010094733031311698
2017,27,1,3,0.0009990274438910207
2017,27,1,4,0.0011293249589987564
2017,27,1,5,0.0012312407128267644
2017,28,2,1,0.0004318415690659494
2017,28,2,2,0.00044576026749931774
2017,28,2,3,0.0004889448140069641
2017,28,2,4,0.0004558728558227143
2017,28,2,5,0.00048698021400417346
2017,28,1,1,0.0007830200749868732
2017,28,1,2,0.0010094733031311698
2017,28,1,3,0.0009990274438910207
2017,28,1,4,0.0011293249589987564
2017,28,1,5,0.0012312407128267644
2017,29,2,1,0.0004318415690659494
2017,29,2,2,0.00044576026749931774
2017,29,2,3,0.0004889448140069641
2017,29,2,4,0.0004558728558227143
2017,29,2,5,0.00048698021400417346
2017,29,1,1,0.0007830200749868732
2017,29,1,2,0.0010094733031311698
2017,29,1,3,0.0009990274438910207
2017,29,1,4,0.0011293249589987564
2017,29,1,5,0.0012312407128267644
2017,30,2,1,0.0004318415690659494
2017,30,2,2,0.00044576026749931774
2017,30,2,3,0.0004889448140069641
2017,30,2,4,0.0004558728558227143
2017,30,2,5,0.00048698021400417346
2017,30,1,1,0.0007830200749868732
2017,30,1,2,0.0010094733031311698
2017,30,1,3,0.0009990274438910207
2017,30,1,4,0.0011293249589987564
2017,30,1,5,0.0012312407128267644
2018,12,2,1,0.004444557234143609
2018,12,2,2,0.004233740844544975
2018,12,2,3,0.005347745237322399
2018,12,2,4,0.005856764306719442
2018,12,2,5,0.007671846320403075
2018,12,1,1,0.005826692692624258
2018,12,1,2,0.005617212528338467
2018,12,1,3,0.006007858467127591
2018,12,1,4,0.006592578732042997
2018,12,1,5,0.00895546246351353
2018,13,2,1,0.004427329425040316
2018,13,2,2,0.00422037393496788
2018,13,2,3,0.005339144294465692
2018,13,2,4,0.0057448077827607635
2018,13,2,5,0.007417712572294954
2018,13,1,1,0.006054161905052258
2018,13,1,2,0.005863867932118794
2018,13,1,3,0.006382959444045655
2018,13,1,4,0.006815319910230766
2018,13,1,5,0.009189544291878238
2018,14,2,1,0.0041843718563427945
2018,14,2,2,0.00409355852060489
2018,14,2,3,0.005152064990419647
2018,14,2,4,0.005297061776719847
2018,14,2,5,0.006675644035970096
2018,14,1,1,0.006302304658986291
2018,14,1,2,0.006079561648540954
2018,14,1,3,0.006846086369749038
2018,14,1,4,0.0069935296651574275
2018,14,1,5,0.009570310684197114
2018,15,2,1,0.0036189513575132226
2018,15,2,2,0.0035525606506053853
2018,15,2,3,0.0044016066733115755
2018,15,2,4,0.004379948024587854
2018,15,2,5,0.005464874524753638
2018,15,1,1,0.005871877066754072
2018,15,1,2,0.005636972398779028
2018,15,1,3,0.0064500516784300466
2018,15,1,4,0.006510848020478521
2018,15,1,5,0.008900839161622431
2018,16,2,1,0.002764291978888833
2018,16,2,2,0.002742849321090146
2018,16,2,3,0.003357581978556956
2018,16,2,4,0.003148762753429457
2018,16,2,5,0.003953608980223455
2018,16,1,1,0.004821849460309835
2018,16,1,2,0.004773262369421438
2018,16,1,3,0.0054585357414347335
2018,16,1,4,0.005542719417783171
2018,16,1,5,0.007533664667217388
2018,17,2,1,0.0020115611635358466
2018,17,2,2,0.0018796435410164403
2018,17,2,3,0.002353507451824277
2018,17,2,4,0.002067595943353484
2018,17,2,5,0.0025907659533658256
2018,17,1,1,0.0034999541764126896
2018,17,1,2,0.003562869774157318
2018,17,1,3,0.004086125784516725
2018,17,1,4,0.004295525266523215
2018,17,1,5,0.005638482578104953
2018,18,2,1,0.001338626860111325
2018,18,2,2,0.0012587694837524754
2018,18,2,3,0.0015318738229371798
2018,18,2,4,0.0012365889818379827
2018,18,2,5,0.001543354371040584
2018,18,1,1,0.0023228200907247087
2018,18,1,2,0.0025019127069855207
2018,18,1,3,0.0028230893145214653
2018,18,1,4,0.0031264715063485937
2018,18,1,5,0.0039317555109011915
2018,19,2,1,0.0009109188359601728
2018,19,2,2,0.0008240843735632941
2018,19,2,3,0.0009774806443868522
2018,19,2,4,0.0008354414206604988
2018,19,2,5,0.0009214693541311769
2018,19,1,1,0.0014939239700864082
2018,19,1,2,0.0016671903339553484
2018,19,1,3,0.0017564007276986704
2018,19,1,4,0.0020934860192109994
2018,19,1,5,0.002542792688155382
2018,20,2,1,0.0005275571142234758
2018,20,2,2,0.0005491664921216666
2018,20,2,3,0.0005911834498449897
2018,20,2,4,0.0005447080734212184
2018,20,2,5,0.0006080926156936117
2018,20,1,1,0.0009765022673386969
2018,20,1,2,0.0011831357002844989
2018,20,1,3,0.001214115034370078
2018,20,1,4,0.0014267317102458765
2018,20,1,5,0.0016215947908254646
2018,21,2,1,0.0003836106041376075
2018,21,2,2,0.0004055178534502213
2018,21,2,3,0.0004433298654804574
2018,21,2,4,0.0004263668615711591
2018,21,2,5,0.0004616193963288273
2018,21,1,1,0.0007279631109456952
2018,21,1,2,0.0009373800922706232
2018,21,1,3,0.0009373877346164905
2018,21,1,4,0.0010656532393751306
2018,21,1,5,0.0011678648264515923
2018,22,2,1,0.0003836106041376075
2018,22,2,2,0.0004055178534502213
2018,22,2,3,0.0004433298654804574
2018,22,2,4,0.0004263668615711591
2018,22,2,5,0.0004616193963288273
2018,22,1,1,0.0007279631109456952
2018,22,1,2,0.0009373800922706232
2018,22,1,3,0.0009373877346164905
2018,22,1,4,0.0010656532393751306
2018,22,1,5,0.0011678648264515923
2018,23,2,1,0.0003836106041376075
2018,23,2,2,0.0004055178534502213
2018,23,2,3,0.0004433298654804574
2018,23,2,4,0.0004263668615711591
2018,23,2,5,0.0004616193963288273
2018,23,1,1,0.0007279631109456952
2018,23,1,2,0.0009373800922706232
2018,23,1,3,0.0009373877346164905
2018,23,1,4,0.0010656532393751306
2018,23,1,5,0.0011678648264515923
2018,24,2,1,0.0003836106041376075
2018,24,2,2,0.0004055178534502213
2018,24,2,3,0.0004433298654804574
2018,24,2,4,0.0004263668615711591
2018,24,2,5,0.0004616193963288273
2018,24,1,1,0.0007279631109456952
2018,24,1,2,0.0009373800922706232
2018,24,1,3,0.0009373877346164905
2018,24,1,4,0.0010656532393751306
2018,24,1,5,0.0011678648264515923
2018,25,2,1,0.0003836106041376075
2018,25,2,2,0.0004055178534502213
2018,25,2,3,0.0004433298654804574
2018,25,2,4,0.0004263668615711591
2018,25,2,5,0.0004616193963288273
2018,25,1,1,0.0007279631109456952
2018,25,1,2,0.0009373800922706232
2018,25,1,3,0.0009373877346164905
2018,25,1,4,0.0010656532393751306
2018,25,1,5,0.0011678648264515923
2018,26,2,1,0.0003836106041376075
2018,26,2,2,0.0004055178534502213
2018,26,2,3,0.0004433298654804574
2018,26,2,4,0.0004263668615711591
2018,26,2,5,0.0004616193963288273
2018,26,1,1,0.0007279631109456952
2018,26,1,2,0.0009373800922706232
2018,26,1,3,0.0009373877346164905
2018,26,1,4,0.0010656532393751306
2018,26,1,5,0.0011678648264515923
2018,27,2,1,0.0003836106041376075
2018,27,2,2,0.0004055178534502213
2018,27,2,3,0.0004433298654804574
2018,27,2,4,0.0004263668615711591
2018,27,2,5,0.0004616193963288273
2018,27,1,1,0.0007279631109456952
2018,27,1,2,0.0009373800922706232
2018,27,1,3,0.0009373877346164905
2018,27,1,4,0.0010656532393751306
2018,27,1,5,0.0011678648264515923
2018,28,2,1,0.0003836106041376075
2018,28,2,2,0.0004055178534502213
2018,28,2,3,0.0004433298654804574
2018,28,2,4,0.0004263668615711591
2018,28,2,5,0.0004616193963288273
2018,28,1,1,0.0007279631109456952
2018,28,1,2,0.0009373800922706232
2018,28,1,3,0.0009373877346164905
2018,28,1,4,0.0010656532393751306
2018,28,1,5,0.0011678648264515923
2018,29,2,1,0.0003836106041376075
2018,29,2,2,0.0004055178534502213
2018,29,2,3,0.0004433298654804574
2018,29,2,4,0.0004263668615711591
2018,29,2,5,0.0004616193963288273
2018,29,1,1,0.0007279631109456952
2018,29,1,2,0.0009373800922706232
2018,29,1,3,0.0009373877346164905
2018,29,1,4,0.0010656532393751306
2018,29,1,5,0.0011678648264515923
2018,30,2,1,0.0003836106041376075
2018,30,2,2,0.0004055178534502213
2018,30,2,3,0.0004433298654804574
2018,30,2,4,0.0004263668615711591
2018,30,2,5,0.0004616193963288273
2018,30,1,1,0.0007279631109456952
2018,30,1,2,0.0009373800922706232
2018,30,1,3,0.0009373877346164905
2018,30,1,4,0.0010656532393751306
2018,30,1,5,0.0011678648264515923
2019,12,2,1,0.004364428207800697
2019,12,2,2,0.004153266780052234
2019,12,2,3,0.0052478019952481025
2019,12,2,4,0.005715725027448215
2019,12,2,5,0.007584912566292679
2019,12,1,1,0.005751498254148668
2019,12,1,2,0.005562179144734558
2019,12,1,3,0.005933661039067117
2019,12,1,4,0.006523786501269502
2019,12,1,5,0.00896684171143669
2019,13,2,1,0.004347636355704676
2019,13,2,2,0.004137969725907853
2019,13,2,3,0.005234168827501828
2019,13,2,4,0.005606145084175229
2019,13,2,5,0.007336415353567549
2019,13,1,1,0.005969952399348499
2019,13,1,2,0.005799440333206229
2019,13,1,3,0.0062897621457465025
2019,13,1,4,0.006743429235508525
2019,13,1,5,0.009201851896023405
2019,14,2,1,0.004111072584808695
2019,14,2,2,0.004009700951964179
2019,14,2,3,0.0050447322092131985
2019,14,2,4,0.005157537003445567
2019,14,2,5,0.0066053765952697185
2019,14,1,1,0.006210798154214658
2019,14,1,2,0.005997919090704795
2019,14,1,3,0.006731598935693972
2019,14,1,4,0.006912494664000346
2019,14,1,5,0.009570653376886118
2019,15,2,1,0.0035497339045548193
2019,15,2,2,0.003473447766880744
2019,15,2,3,0.00430086557624676
2019,15,2,4,0.004256340967463301
2019,15,2,5,0.0054119073554383945
2019,15,1,1,0.005794812576670916
2019,15,1,2,0.005546462076119085
2019,15,1,3,0.006322440024685849
2019,15,1,4,0.006426369846690094
2019,15,1,5,0.008899237245618585
2019,16,2,1,0.002698346827708642
2019,16,2,2,0.0026670270701202314
2019,16,2,3,0.0032697448943767027
2019,16,2,4,0.003045673055503184
2019,16,2,5,0.003911773631215643
2019,16,1,1,0.0047441515308508375
2019,16,1,2,0.004664570482800334
2019,16,1,3,0.005334353218289012
2019,16,1,4,0.005457127886721591
2019,16,1,5,0.007509342950288378
2019,17,2,1,0.0019443878616814958
2019,17,2,2,0.0018052301201172405
2019,17,2,3,0.0022784251189083005
2019,17,2,4,0.001991621003715971
2019,17,2,5,0.002552341933577451
2019,17,1,1,0.003410460303710172
2019,17,1,2,0.003454520648869419
2019,17,1,3,0.00397574211448759
2019,17,1,4,0.0042052914874366465
2019,17,1,5,0.00560479712007822
2019,18,2,1,0.0012699486872936872
2019,18,2,2,0.0011894250511192972
2019,18,2,3,0.0014669069559942738
2019,18,2,4,0.0011796847562880464
2019,18,2,5,0.0015076999473115915
2019,18,1,1,0.002217155577911356
2019,18,1,2,0.0023993214458332135
2019,18,1,3,0.0027331664462492133
2019,18,1,4,0.003035570785830166
2019,18,1,5,0.0038730330025805726
2019,19,2,1,0.0008488204658277931
2019,19,2,2,0.0007675439284146046
2019,19,2,3,0.0009225435076432031
2019,19,2,4,0.0007938710523620607
2019,19,2,5,0.0008896059332873518
2019,19,1,1,0.0014025180387148284
2019,19,1,2,0.0015892424736825284
2019,19,1,3,0.0016866935033016395
2019,19,1,4,0.0020112695431808714
2019,19,1,5,0.0024831041366577544
2019,20,2,1,0.00047524495519302157
2019,20,2,2,0.0005073828235993005
2019,20,2,3,0.0005457837758761075
2019,20,2,4,0.0005086168385869394
2019,20,2,5,0.0005829165400618175
2019,20,1,1,0.0009070067088683409
2019,20,1,2,0.001113234740088953
2019,20,1,3,0.0011566234670656872
2019,20,1,4,0.001357041530900549
2019,20,1,5,0.0015583145450733804
2019,21,2,1,0.00033978668283252134
2019,21,2,2,0.00037220705361185047
2019,21,2,3,0.00040393962500329117
2019,21,2,4,0.0003948648553314671
2019,21,2,5,0.0004396588474041563
2019,21,1,1,0.0006736913017154622
2019,21,1,2,0.0008759904519428652
2019,21,1,3,0.0008848316802404499
2019,21,1,4,0.0010048978589789481
2019,21,1,5,0.0011108890887883138
2019,22,2,1,0.00033978668283252134
2019,22,2,2,0.00037220705361185047
2019,22,2,3,0.00040393962500329117
2019,22,2,4,0.0003948648553314671
2019,22,2,5,0.0004396588474041563
2019,22,1,1,0.0006736913017154622
2019,22,1,2,0.0008759904519428652
2019,22,1,3,0.0008848316802404499
2019,22,1,4,0.0010048978589789481
2019,22,1,5,0.0011108890887883138
2019,23,2,1,0.00033978668283252134
2019,23,2,2,0.00037220705361185047
2019,23,2,3,0.00040393962500329117
2019,23,2,4,0.0003948648553314671
2019,23,2,5,0.0004396588474041563
2019,23,1,1,0.0006736913017154622
2019,23,1,2,0.0008759904519428652
2019,23,1,3,0.0008848316802404499
2019,23,1,4,0.0010048978589789481
2019,23,1,5,0.0011108890887883138
2019,24,2,1,0.00033978668283252134
2019,24,2,2,0.00037220705361185047
2019,24,2,3,0.00040393962500329117
2019,24,2,4,0.0003948648553314671
2019,24,2,5,0.0004396588474041563
2019,24,1,1,0.0006736913017154622
2019,24,1,2,0.0008759904519428652
2019,24,1,3,0.0008848316802404499
2019,24,1,4,0.0010048978589789481
2019,24,1,5,0.0011108890887883138
2019,25,2,1,0.00033978668283252134
2019,25,2,2,0.00037220705361185047
2019,25,2,3,0.00040393962500329117
2019,25,2,4,0.0003948648553314671
2019,25,2,5,0.0004396588474041563
2019,25,1,1,0.0006736913017154622
2019,25,1,2,0.0008759904519428652
2019,25,1,3,0.0008848316802404499
2019,25,1,4,0.0010048978589789481
2019,25,1,5,0.0011108890887883138
2019,26,2,1,0.00033978668283252134
2019,26,2,2,0.00037220705361185047
2019,26,2,3,0.00040393962500329117
2019,26,2,4,0.0003948648553314671
2019,26,2,5,0.0004396588474041563
2019,26,1,1,0.0006736913017154622
2019,26,1,2,0.0008759904519428652
2019,26,1,3,0.0008848316802404499
2019,26,1,4,0.0010048978589789481
2019,26,1,5,0.0011108890887883138
2019,27,2,1,0.00033978668283252134
2019,27,2,2,0.00037220705361185047
2019,27,2,3,0.00040393962500329117
2019,27,2,4,0.0003948648553314671
2019,27,2,5,0.0004396588474041563
2019,27,1,1,0.0006736913017154622
2019,27,1,2,0.0008759904519428652
2019,27,1,3,0.0008848316802404499
2019,27,1,4,0.0010048978589789481
2019,27,1,5,0.0011108890887883138
2019,28,2,1,0.00033978668283252134
2019,28,2,2,0.00037220705361185047
2019,28,2,3,0.00040393962500329117
2019,28,2,4,0.0003948648553314671
2019,28,2,5,0.0004396588474041563
2019,28,1,1,0.0006736913017154622
2019,28,1,2,0.0008759904519428652
2019,28,1,3,0.0008848316802404499
2019,28,1,4,0.0010048978589789481
2019,28,1,5,0.0011108890887883138
2019,29,2,1,0.00033978668283252134
2019,29,2,2,0.00037220705361185047
2019,29,2,3,0.00040393962500329117
2019,29,2,4,0.0003948648553314671
2019,29,2,5,0.0004396588474041563
2019,29,1,1,0.0006736913017154622
2019,29,1,2,0.0008759904519428652
2019,29,1,3,0.0008848316802404499
2019,29,1,4,0.0010048978589789481
2019,29,1,5,0.0011108890887883138
2019,30,2,1,0.00033978668283252134
2019,30,2,2,0.00037220705361185047
2019,30,2,3,0.00040393962500329117
2019,30,2,4,0.0003948648553314671
2019,30,2,5,0.0004396588474041563
2019,30,1,1,0.0006736913017154622
2019,30,1,2,0.0008759904519428652
2019,30,1,3,0.0008848316802404499
2019,30,1,4,0.0010048978589789481
2019,30,1,5,0.0011108890887883138
